feature,coefficient
X202831_at,1.0448254661699783
X204351_at,0.7538136959552623
X204653_at,-1.9258536876214285
X209016_s_at,-0.8058733676969636
X209604_s_at,-1.3271563801762936
